season_end,player,age,gp,toi,teams
2023,Connor McDavid,26.0,82.0,30:35:37,EDM
2023,Leon Draisaitl,27.0,80.0,28:58:43,EDM
2023,Nikita Kucherov,29.0,82.0,27:30:51,TBL
2023,David Pastrňák,26.0,82.0,26:44:17,BOS
2023,Nathan MacKinnon,27.0,71.0,26:24:32,COL
2023,Jason Robertson,23.0,82.0,25:44:47,DAL
2023,Matthew Tkachuk,25.0,79.0,26:54:26,FLA
2023,Mikko Rantanen,26.0,82.0,30:22:23,COL
2023,Ryan Nugent-Hopkins,29.0,82.0,27:03:42,EDM
2023,Elias Pettersson,24.0,80.0,27:24:23,VAN
2023,Erik Karlsson,32.0,82.0,35:00:26,SJS
2023,Jack Hughes,21.0,78.0,25:57:21,NJD
2023,Mitch Marner,25.0,80.0,28:22:06,TOR
2023,Brayden Point,26.0,82.0,26:52:55,TBL
2023,Tage Thompson,25.0,78.0,24:10:02,BUF
2023,Sidney Crosby,35.0,82.0,27:31:46,PIT
2023,Artemi Panarin,31.0,82.0,26:47:50,NYR
2023,Mika Zibanejad,29.0,82.0,27:16:54,NYR
2023,Tim Stützle,21.0,78.0,27:38:40,OTT
2023,William Nylander,26.0,82.0,25:20:27,TOR
2023,Clayton Keller,24.0,82.0,28:21:31,ARI
2023,Auston Matthews,25.0,74.0,25:00:36,TOR
2023,Steven Stamkos,32.0,81.0,25:40:41,TBL
2023,Zach Hyman,30.0,79.0,26:31:54,EDM
2023,Evgeni Malkin,36.0,82.0,25:23:36,PIT
2023,Brady Tkachuk,23.0,82.0,25:27:50,OTT
2023,J.T. Miller,29.0,81.0,27:55:02,VAN
2023,Jeff Skinner,30.0,79.0,22:54:23,BUF
2023,Kyle Connor,26.0,82.0,28:03:24,WPG
2023,Nico Hischier,24.0,81.0,26:02:26,NJD
2023,John Tavares,32.0,80.0,23:32:31,TOR
2023,Claude Giroux,35.0,82.0,25:41:16,OTT
2023,Dylan Larkin,26.0,80.0,26:04:27,DET
2023,Alex Tuch,26.0,74.0,23:37:24,BUF
2023,Aleksander Barkov,27.0,68.0,24:03:15,FLA
2023,Jamie Benn,33.0,82.0,21:34:15,DAL
2023,Joe Pavelski,38.0,82.0,24:13:16,DAL
2023,Quinn Hughes,23.0,78.0,33:21:35,VAN
2023,Josh Morrissey,27.0,78.0,31:30:02,WPG
2023,Roope Hintz,26.0,73.0,21:21:43,DAL
2023,Kirill Kaprizov,25.0,67.0,23:34:33,MIN
2023,Brock Nelson,31.0,82.0,25:11:43,NYI
2023,Alex Ovechkin,37.0,73.0,24:34:54,WSH
2023,Johnny Gaudreau,29.0,80.0,25:53:27,CBJ
2023,Dougie Hamilton,29.0,82.0,29:45:30,NJD
2023,Anže Kopitar,35.0,82.0,27:44:47,LAK
2023,Andrei Kuzmenko,26.0,81.0,21:55:35,VAN
2023,Jesper Bratt,24.0,82.0,23:44:08,NJD
2023,Rasmus Dahlin,22.0,78.0,33:32:04,BUF
2023,Jake Guentzel,28.0,78.0,26:09:03,PIT
2023,Miro Heiskanen,23.0,79.0,33:33:48,DAL
2023,Jordan Kyrou,24.0,79.0,23:42:17,STL
2023,Brandon Montour,28.0,80.0,32:10:06,FLA
2023,Tyler Toffoli,30.0,82.0,22:42:06,CGY
2023,Carter Verhaeghe,27.0,81.0,23:37:40,FLA
2023,Kevin Fiala,26.0,69.0,20:14:04,LAK
2023,Adam Fox,24.0,82.0,33:18:58,NYR
2023,Martin Nečas,24.0,82.0,25:09:48,CAR
2023,Jared McCann,26.0,79.0,21:30:48,SEA
2023,Bo Horvat,27.0,79.0,27:11:41,2TM
2023,Bo Horvat,27.0,49.0,16:59:41,VAN
2023,Bo Horvat,27.0,30.0,10:12:00,NYI
2023,Dylan Cozens,21.0,81.0,22:16:15,BUF
2023,Mark Scheifele,29.0,81.0,27:38:49,WPG
2023,Sebastian Aho,25.0,75.0,24:22:10,CAR
2023,Pavel Buchnevich,27.0,63.0,20:25:32,STL
2023,Logan Couture,33.0,82.0,26:08:47,SJS
2023,Adrian Kempe,26.0,82.0,25:38:09,LAK
2023,Brad Marchand,34.0,73.0,22:32:33,BOS
2023,Sam Reinhart,27.0,82.0,27:02:03,FLA
2023,Mats Zuccarello,35.0,78.0,26:15:06,MIN
2023,Alex DeBrincat,25.0,82.0,25:58:31,OTT
2023,Jack Eichel,26.0,67.0,20:57:23,VEG
2023,Cale Makar,24.0,60.0,26:22:49,COL
2023,Nick Suzuki,23.0,82.0,28:49:50,MTL
2023,Timo Meier,26.0,78.0,25:12:17,2TM
2023,Timo Meier,26.0,57.0,18:58:40,SJS
2023,Timo Meier,26.0,21.0,06:13:37,NJD
2023,Brayden Schenn,31.0,82.0,25:11:12,STL
2023,Chandler Stephenson,28.0,81.0,25:40:23,VEG
2023,Dylan Strome,25.0,81.0,22:31:39,WSH
2023,Robert Thomas,23.0,73.0,23:32:04,STL
2023,Trevor Zegras,21.0,81.0,25:25:00,ANA
2023,Vince Dunn,26.0,81.0,31:57:13,SEA
2023,Brandon Hagel,24.0,81.0,25:10:24,TBL
2023,Alex Killorn,33.0,82.0,23:31:08,TBL
2023,Elias Lindholm,28.0,80.0,24:52:07,CGY
2023,Mikhail Sergachev,24.0,79.0,31:21:04,TBL
2023,Vincent Trocheck,29.0,82.0,26:23:54,NYR
2023,Matt Boldy,21.0,81.0,24:58:29,MIN
2023,Pierre-Luc Dubois,24.0,73.0,22:26:59,WPG
2023,Jordan Eberle,32.0,82.0,22:48:07,SEA
2023,Tomáš Hertl,29.0,79.0,25:23:13,SJS
2023,Drake Batherson,24.0,82.0,25:25:42,OTT
2023,Brent Burns,37.0,82.0,31:43:39,CAR
2023,Joel Eriksson Ek,26.0,78.0,24:41:35,MIN
2023,Travis Konecny,25.0,60.0,20:06:59,PHI
2023,Troy Terry,25.0,70.0,22:35:45,ANA
2023,Rickard Rakell,29.0,82.0,25:11:54,PIT
2023,Viktor Arvidsson,29.0,77.0,21:56:24,LAK
2023,Roman Josi,32.0,67.0,28:06:12,NSH
2023,Casey Mittelstadt,24.0,82.0,21:29:43,BUF
2023,Patrice Bergeron,37.0,78.0,22:36:33,BOS
2023,Nick Schmaltz,26.0,63.0,20:41:41,ARI
2023,Matty Beniers,20.0,80.0,22:47:22,SEA
2023,Jonathan Marchessault,32.0,76.0,21:42:40,VEG
2023,Pavel Zacha,25.0,82.0,21:56:35,BOS
2023,Patrick Kane,34.0,73.0,23:29:32,2TM
2023,Patrick Kane,34.0,54.0,17:57:15,CHI
2023,Patrick Kane,34.0,19.0,05:32:17,NYR
2023,Mikael Backlund,33.0,82.0,24:49:22,CGY
2023,Matt Duchene,32.0,71.0,21:40:43,NSH
2023,Nazem Kadri,32.0,82.0,23:31:07,CGY
2023,David Krejčí,36.0,70.0,20:03:37,BOS
2023,Dawson Mercer,21.0,82.0,22:37:57,NJD
2023,David Perron,34.0,82.0,23:07:19,DET
2023,Reilly Smith,31.0,78.0,22:03:38,VEG
2023,Max Domi,27.0,80.0,23:41:40,2TM
2023,Max Domi,27.0,60.0,18:17:59,CHI
2023,Max Domi,27.0,20.0,05:23:41,DAL
2023,Brock Boeser,25.0,74.0,21:15:51,VAN
2023,Jonathan Huberdeau,29.0,79.0,22:12:16,CGY
2023,Evgeny Kuznetsov,30.0,81.0,24:22:49,WSH
2023,Andrei Svechnikov,22.0,64.0,19:15:05,CAR
2023,Blake Wheeler,36.0,72.0,20:27:11,WPG
2023,Tyson Barrie,31.0,85.0,28:01:10,2TM
2023,Tyson Barrie,31.0,61.0,19:27:35,EDM
2023,Tyson Barrie,31.0,24.0,08:33:35,NSH
2023,Phillip Danault,29.0,82.0,25:02:39,LAK
2023,Kevin Hayes,30.0,81.0,23:42:49,PHI
2023,Chris Kreider,31.0,79.0,24:14:38,NYR
2023,Alex Pietrangelo,33.0,73.0,29:10:38,VEG
2023,William Karlsson,30.0,82.0,23:52:27,VEG
2023,Hampus Lindholm,29.0,80.0,30:54:57,BOS
2023,J.T. Compher,27.0,82.0,28:04:20,COL
2023,Drew Doughty,33.0,81.0,35:24:33,LAK
2023,Patrik Laine,24.0,55.0,17:31:39,CBJ
2023,Charlie McAvoy,25.0,67.0,24:54:20,BOS
2023,Mathew Barzal,25.0,58.0,18:05:33,NYI
2023,Artturi Lehkonen,27.0,64.0,21:48:57,COL
2023,Jake DeBrusk,26.0,64.0,17:53:42,BOS
2023,Justin Faulk,30.0,82.0,31:56:56,STL
2023,Anders Lee,32.0,82.0,23:32:18,NYI
2023,Tyler Seguin,31.0,76.0,21:02:56,DAL
2023,Devon Toews,28.0,80.0,33:28:30,COL
2023,Vladimir Tarasenko,31.0,69.0,19:19:13,2TM
2023,Vladimir Tarasenko,31.0,38.0,11:05:40,STL
2023,Vladimir Tarasenko,31.0,31.0,08:13:33,NYR
2023,Rasmus Andersson,26.0,79.0,31:42:52,CGY
2023,Michael Bunting,27.0,82.0,21:35:21,TOR
2023,Noah Dobson,23.0,78.0,26:29:50,NYI
2023,Victor Hedman,32.0,76.0,30:02:39,TBL
2023,Matias Maccelli,22.0,64.0,16:43:37,ARI
2023,Owen Tippett,23.0,77.0,22:21:54,PHI
2023,Cam Fowler,31.0,82.0,33:02:14,ANA
2023,Yanni Gourde,31.0,81.0,23:07:53,SEA
2023,Tomáš Tatar,32.0,82.0,20:39:36,NJD
2023,Jason Zucker,31.0,78.0,20:21:10,PIT
2023,Alexander Barabanov,28.0,68.0,20:27:37,SJS
2023,Valeri Nichushkin,27.0,53.0,17:54:22,COL
2023,Morgan Frost,23.0,81.0,22:03:47,PHI
2023,Conor Garland,26.0,81.0,20:24:13,VAN
2023,Bryan Rust,30.0,81.0,24:09:52,PIT
2023,Daniel Sprong,25.0,66.0,12:33:39,SEA
2023,Marcus Johansson,32.0,80.0,21:59:12,2TM
2023,Marcus Johansson,32.0,60.0,16:05:02,WSH
2023,Marcus Johansson,32.0,20.0,05:54:10,MIN
2023,Oliver Bjorkstrand,27.0,81.0,21:05:30,SEA
2023,Filip Chytil,23.0,74.0,18:06:36,NYR
2023,Charlie Coyle,30.0,82.0,23:12:53,BOS
2023,Lawson Crouse,25.0,77.0,22:47:15,ARI
2023,Dillon Dubé,24.0,82.0,20:43:12,CGY
2023,Boone Jenner,29.0,68.0,22:54:06,CBJ
2023,Dominik Kubalík,27.0,81.0,20:08:00,DET
2023,Lucas Raymond,20.0,74.0,21:25:49,DET
2023,Ivan Barbashev,27.0,82.0,22:54:00,2TM
2023,Ivan Barbashev,27.0,59.0,16:07:48,STL
2023,Ivan Barbashev,27.0,23.0,06:46:12,VEG
2023,Jack Roslovic,26.0,77.0,21:06:23,CBJ
2023,Barrett Hayton,22.0,82.0,23:54:49,ARI
2023,Jesperi Kotkaniemi,22.0,82.0,20:08:21,CAR
2023,Scott Laughton,28.0,78.0,23:46:14,PHI
2023,Eetu Luostarinen,24.0,82.0,21:50:50,FLA
2023,Andrew Mangiapane,26.0,82.0,22:59:23,CGY
2023,Mason McTavish,20.0,80.0,20:29:57,ANA
2023,K'Andre Miller,23.0,79.0,28:54:13,NYR
2023,Thomas Novak,25.0,51.0,12:27:19,NSH
2023,Darnell Nurse,27.0,82.0,32:06:39,EDM
2023,Andrew Copp,28.0,82.0,24:48:43,DET
2023,Tony DeAngelo,27.0,70.0,25:44:06,PHI
2023,Filip Forsberg,28.0,50.0,14:33:36,NSH
2023,Moritz Seider,21.0,82.0,31:38:12,DET
2023,Erik Gustafsson,30.0,70.0,23:04:06,2TM
2023,Erik Gustafsson,30.0,61.0,20:42:19,WSH
2023,Erik Gustafsson,30.0,9.0,02:21:47,TOR
2023,Thomas Chabot,26.0,68.0,28:18:07,OTT
2023,Gustav Forsling,26.0,82.0,32:01:44,FLA
2023,Erik Haula,31.0,80.0,22:10:29,NJD
2023,Wyatt Johnston,19.0,82.0,21:09:30,DAL
2023,Kris Letang,35.0,64.0,26:30:53,PIT
2023,Morgan Rielly,28.0,65.0,23:30:46,TOR
2023,Ryan Strome,29.0,82.0,23:17:15,ANA
2023,Shea Theodore,27.0,55.0,19:38:49,VEG
2023,Frank Vatrano,28.0,81.0,22:30:58,ANA
2023,Gabriel Vilardi,23.0,63.0,16:23:01,LAK
2023,Mikael Granlund,30.0,79.0,23:28:12,2TM
2023,Mikael Granlund,30.0,58.0,18:00:50,NSH
2023,Mikael Granlund,30.0,21.0,05:27:22,PIT
2023,Shayne Gostisbehere,29.0,75.0,26:01:15,2TM
2023,Shayne Gostisbehere,29.0,52.0,19:30:18,ARI
2023,Shayne Gostisbehere,29.0,23.0,06:30:57,CAR
2023,Nino Niederreiter,30.0,78.0,21:10:22,2TM
2023,Nino Niederreiter,30.0,56.0,14:58:26,NSH
2023,Nino Niederreiter,30.0,22.0,06:11:56,WPG
2023,Andreas Athanasiou,28.0,81.0,21:36:17,CHI
2023,Sam Bennett,26.0,63.0,18:16:38,FLA
2023,Evan Bouchard,23.0,82.0,25:18:21,EDM
2023,Kent Johnson,20.0,79.0,19:06:48,CBJ
2023,Kaapo Kakko,21.0,82.0,20:55:10,NYR
2023,Victor Olofsson,27.0,75.0,17:56:38,BUF
2023,Jean-Gabriel Pageau,30.0,70.0,20:33:14,NYI
2023,Jaden Schwartz,30.0,71.0,20:37:03,SEA
2023,Anthony Beauvillier,25.0,82.0,22:13:52,2TM
2023,Anthony Beauvillier,25.0,49.0,12:53:34,NYI
2023,Anthony Beauvillier,25.0,33.0,09:20:18,VAN
2023,André Burakovsky,27.0,49.0,13:31:08,SEA
2023,Joel Farabee,22.0,82.0,23:14:53,PHI
2023,Calle Järnkrok,31.0,73.0,17:29:55,TOR
2023,Seth Jarvis,20.0,82.0,22:08:41,CAR
2023,Alexis Lafrenière,21.0,81.0,20:32:47,NYR
2023,Evan Rodrigues,29.0,69.0,20:32:05,COL
2023,Filip Hronek,25.0,64.0,23:08:47,2TM
2023,Filip Hronek,25.0,60.0,21:31:40,DET
2023,Filip Hronek,25.0,4.0,01:37:07,VAN
2023,Noah Cates,23.0,82.0,24:16:55,PHI
2023,Blake Coleman,31.0,82.0,20:46:39,CGY
2023,Kirby Dach,22.0,58.0,17:52:45,MTL
2023,Sean Durzi,24.0,72.0,23:44:33,LAK
2023,Nikolaj Ehlers,26.0,45.0,11:44:10,WPG
2023,Aaron Ekblad,26.0,71.0,27:40:59,FLA
2023,Frédérick Gaudreau,29.0,82.0,21:55:31,MIN
2023,Noah Hanifin,26.0,81.0,30:33:59,CGY
2023,Adam Henrique,32.0,62.0,18:47:10,ANA
2023,Brady Skjei,28.0,81.0,29:26:29,CAR
2023,Mark Stone,30.0,43.0,13:53:12,VEG
2023,Alexander Wennberg,28.0,82.0,25:32:52,SEA
2023,Samuel Girard,24.0,76.0,27:13:37,COL
2023,Ryan Hartman,28.0,59.0,16:01:35,MIN
2023,Seth Jones,28.0,72.0,29:20:29,CHI
2023,Jack Quinn,21.0,75.0,17:18:32,BUF
2023,Taylor Raddysh,24.0,78.0,21:32:18,CHI
2023,Brandon Saad,30.0,71.0,19:42:30,STL
2023,Conor Sheary,30.0,82.0,21:32:46,WSH
2023,Teuvo Teräväinen,28.0,68.0,19:09:48,CAR
2023,Cole Caufield,22.0,46.0,13:50:17,MTL
2023,Taylor Hall,31.0,61.0,16:11:41,BOS
2023,Alex Iafallo,29.0,59.0,16:01:42,LAK
2023,Phil Kessel,35.0,82.0,17:30:19,VEG
2023,Adam Lowry,29.0,82.0,21:23:05,WPG
2023,Stefan Noesen,29.0,78.0,16:01:56,CAR
2023,Dmitry Orlov,31.0,66.0,24:48:00,2TM
2023,Dmitry Orlov,31.0,43.0,16:17:00,WSH
2023,Dmitry Orlov,31.0,23.0,08:31:00,BOS
2023,Cody Glass,23.0,72.0,17:43:14,NSH
2023,T.J. Oshie,36.0,58.0,16:09:58,WSH
2023,Shane Pinto,22.0,82.0,21:50:16,OTT
2023,Owen Power,20.0,79.0,31:20:20,BUF
2023,Brandon Tanev,31.0,82.0,19:26:03,SEA
2023,Rasmus Sandin,22.0,71.0,22:52:11,2TM
2023,Rasmus Sandin,22.0,52.0,15:35:25,TOR
2023,Rasmus Sandin,22.0,19.0,07:16:46,WSH
2023,Travis Boyd,29.0,82.0,22:35:29,ARI
2023,Mike Hoffman,33.0,67.0,17:30:08,MTL
2023,Blake Lizotte,25.0,81.0,17:28:27,LAK
2023,Jordan Martinook,30.0,82.0,21:21:53,CAR
2023,Mike Matheson,28.0,48.0,19:33:41,MTL
2023,Zach Parise,38.0,82.0,22:03:58,NYI
2023,Justin Schultz,32.0,73.0,21:38:38,SEA
2023,Jared Spurgeon,33.0,79.0,28:43:09,MIN
2023,Jordan Staal,34.0,81.0,21:57:43,CAR
2023,Juuso Välimäki,24.0,78.0,23:37:40,ARI
2023,Kasperi Kapanen,26.0,66.0,15:03:09,2TM
2023,Kasperi Kapanen,26.0,43.0,08:37:44,PIT
2023,Kasperi Kapanen,26.0,23.0,06:25:25,STL
2023,Kevin Labanc,27.0,72.0,17:11:29,SJS
2023,Adam Larsson,30.0,82.0,32:18:28,SEA
2023,Anton Lundell,21.0,73.0,19:55:03,FLA
2023,Sonny Milano,26.0,64.0,13:46:03,WSH
2023,Kyle Palmieri,31.0,55.0,15:40:25,NYI
2023,Neal Pionk,27.0,82.0,29:59:09,WPG
2023,Damon Severson,28.0,81.0,26:56:21,NJD
2023,Jakob Chychrun,24.0,48.0,18:09:47,2TM
2023,Jakob Chychrun,24.0,36.0,13:57:50,ARI
2023,Jakob Chychrun,24.0,12.0,04:11:57,OTT
2023,John Klingberg,30.0,67.0,23:01:50,2TM
2023,John Klingberg,30.0,50.0,17:23:00,ANA
2023,John Klingberg,30.0,17.0,05:38:50,MIN
2023,Evgenii Dadonov,33.0,73.0,17:54:51,2TM
2023,Evgenii Dadonov,33.0,50.0,12:06:37,MTL
2023,Evgenii Dadonov,33.0,23.0,05:48:14,DAL
2023,Josh Anderson,28.0,69.0,19:30:14,MTL
2023,Ross Colton,26.0,81.0,16:40:27,TBL
2023,Tyler Johnson,32.0,56.0,15:27:43,CHI
2023,Alexander Kerfoot,28.0,82.0,19:58:45,TOR
2023,Torey Krug,31.0,63.0,19:30:46,STL
2023,Nick Paul,27.0,80.0,21:32:44,TBL
2023,JJ Peterka,21.0,77.0,17:30:50,BUF
2023,Jake Sanderson,20.0,77.0,28:07:52,OTT
2023,Mattias Ekholm,32.0,78.0,27:54:41,2TM
2023,Mattias Ekholm,32.0,57.0,20:38:22,NSH
2023,Mattias Ekholm,32.0,21.0,07:16:19,EDM
2023,Trent Frederic,24.0,79.0,15:41:30,BOS
2023,Barclay Goodrow,29.0,82.0,19:22:00,NYR
2023,Mason Marchment,27.0,68.0,17:47:59,DAL
2023,J.J. Moser,22.0,82.0,28:46:10,ARI
2023,Jeff Petry,35.0,61.0,22:42:56,PIT
2023,Jonathan Toews,34.0,53.0,15:38:40,CHI
2023,MacKenzie Weegar,29.0,81.0,28:28:59,CGY
2023,Eeli Tolvanen,23.0,61.0,14:45:30,2TM
2023,Eeli Tolvanen,23.0,13.0,02:46:37,NSH
2023,Eeli Tolvanen,23.0,48.0,11:58:53,SEA
2023,Jason Dickinson,27.0,78.0,20:43:14,CHI
2023,Alex Newhook,22.0,82.0,19:04:09,COL
2023,Cole Perfetti,21.0,51.0,12:43:26,WPG
2023,Brett Pesce,28.0,82.0,30:04:47,CAR
2023,Nicolas Roy,25.0,65.0,17:39:24,VEG
2023,Yegor Sharangovich,24.0,75.0,18:01:22,NJD
2023,Colton Sissons,29.0,82.0,21:37:51,NSH
2023,Jacob Trouba,28.0,82.0,28:58:03,NYR
2023,Pierre Engvall,26.0,76.0,17:16:24,2TM
2023,Pierre Engvall,26.0,58.0,12:41:43,TOR
2023,Pierre Engvall,26.0,18.0,04:34:41,NYI
2023,Ryan O'Reilly,31.0,53.0,15:50:46,2TM
2023,Ryan O'Reilly,31.0,40.0,12:15:45,STL
2023,Ryan O'Reilly,31.0,13.0,03:35:01,TOR
2023,Tyler Bertuzzi,27.0,50.0,13:44:25,2TM
2023,Tyler Bertuzzi,27.0,29.0,07:57:52,DET
2023,Tyler Bertuzzi,27.0,21.0,05:46:33,BOS
2023,Calen Addison,22.0,62.0,16:39:26,MIN
2023,John Carlson,33.0,40.0,15:35:35,WSH
2023,Jeff Carter,38.0,79.0,18:02:48,PIT
2023,Anthony Cirelli,25.0,58.0,16:00:32,TBL
2023,Jonathan Drouin,27.0,58.0,14:24:40,MTL
2023,Jesper Fast,31.0,80.0,19:38:31,CAR
2023,Nick Jensen,32.0,77.0,26:27:29,WSH
2023,Trevor Moore,27.0,59.0,16:42:19,LAK
2023,Michael Rasmussen,23.0,56.0,14:04:58,DET
2023,Eric Staal,38.0,72.0,17:05:04,FLA
2023,James van Riemsdyk,33.0,61.0,15:36:35,PHI
2023,Nick Bjugstad,30.0,78.0,21:03:34,2TM
2023,Nick Bjugstad,30.0,59.0,16:42:18,ARI
2023,Nick Bjugstad,30.0,19.0,04:21:16,EDM
2023,Jonatan Berggren,22.0,67.0,15:01:48,DET
2023,Ty Dellandrea,22.0,82.0,19:24:26,DAL
2023,Christian Dvorak,26.0,64.0,17:59:05,MTL
2023,Warren Foegele,26.0,67.0,14:11:01,EDM
2023,Morgan Geekie,24.0,69.0,12:01:24,SEA
2023,Ryan Johansen,30.0,55.0,14:26:57,NSH
2023,Arthur Kaliyev,21.0,56.0,10:53:57,LAK
2023,Evander Kane,31.0,41.0,12:46:50,EDM
2023,Ilya Mikheyev,28.0,46.0,12:57:58,VAN
2023,Kyle Okposo,34.0,75.0,18:20:04,BUF
2023,Sam Steel,24.0,65.0,16:12:22,MIN
2023,Oskar Sundqvist,28.0,67.0,15:28:58,2TM
2023,Oskar Sundqvist,28.0,52.0,12:21:53,DET
2023,Oskar Sundqvist,28.0,15.0,03:07:05,MIN
2023,Michael Amadio,26.0,67.0,13:38:14,VEG
2023,Nick Cousins,29.0,79.0,14:31:01,FLA
2023,Dylan DeMelo,29.0,75.0,24:27:04,WPG
2023,Ryan Donato,26.0,71.0,13:19:03,SEA
2023,Christian Fischer,25.0,80.0,19:47:35,ARI
2023,David Kämpf,28.0,82.0,20:55:13,TOR
2023,Anthony Mantha,28.0,67.0,15:52:38,WSH
2023,Colton Parayko,29.0,79.0,30:17:13,STL
2023,Ivan Provorov,26.0,82.0,31:27:52,PHI
2023,Kevin Shattenkirk,34.0,75.0,24:07:45,ANA
2023,Jaccob Slavin,28.0,76.0,27:51:22,CAR
2023,Miles Wood,27.0,76.0,15:20:08,NJD
2023,Gustav Nyquist,33.0,51.0,14:58:36,2TM
2023,Gustav Nyquist,33.0,48.0,14:14:34,CBJ
2023,Gustav Nyquist,33.0,3.0,00:44:02,MIN
2023,Sam Lafferty,27.0,70.0,17:02:36,2TM
2023,Sam Lafferty,27.0,51.0,12:50:43,CHI
2023,Sam Lafferty,27.0,19.0,04:11:53,TOR
2023,Nick Foligno,35.0,60.0,12:21:58,BOS
2023,Ryan Graves,27.0,78.0,25:55:56,NJD
2023,Matt Grzelcyk,29.0,75.0,21:32:28,BOS
2023,Peyton Krebs,22.0,74.0,17:03:54,BUF
2023,Jack McBain,23.0,82.0,19:06:28,ARI
2023,Michael McLeod,24.0,80.0,16:20:08,NJD
2023,Logan O'Connor,26.0,82.0,19:24:46,COL
2023,Ryan Pulock,28.0,82.0,28:34:13,NYI
2023,Matt Roy,27.0,82.0,25:39:37,LAK
2023,Jakob Silfverberg,32.0,81.0,20:29:31,ANA
2023,Nico Sturm,27.0,74.0,18:10:02,SJS
2023,Nick Ritchie,27.0,74.0,16:42:34,2TM
2023,Nick Ritchie,27.0,58.0,13:08:34,ARI
2023,Nick Ritchie,27.0,16.0,03:34:00,CGY
2023,Josh Bailey,33.0,64.0,16:08:52,NYI
2023,William Carrier,28.0,56.0,11:44:46,VEG
2023,Nic Dowd,32.0,65.0,14:27:50,WSH
2023,Brian Dumoulin,31.0,82.0,28:12:33,PIT
2023,Mattias Janmark,30.0,66.0,16:07:49,EDM
2023,Philipp Kurashev,23.0,70.0,20:19:26,CHI
2023,Kirill Marchenko,22.0,59.0,15:55:10,CBJ
2023,Jamie Oleksiak,30.0,75.0,24:03:51,SEA
2023,Juuso Pärssinen,21.0,45.0,10:45:00,NSH
2023,Corey Perry,37.0,81.0,15:36:33,TBL
2023,Ryan Suter,38.0,82.0,27:51:07,DAL
2023,Jimmy Vesey,29.0,81.0,18:22:27,NYR
2023,Kailer Yamamoto,24.0,58.0,16:01:32,EDM
2023,Tyson Jost,24.0,71.0,15:40:18,2TM
2023,Tyson Jost,24.0,12.0,02:32:57,MIN
2023,Tyson Jost,24.0,59.0,13:07:21,BUF
2023,Sammy Blais,26.0,71.0,13:57:38,2TM
2023,Sammy Blais,26.0,40.0,06:25:17,NYR
2023,Sammy Blais,26.0,31.0,07:32:21,STL
2023,Jake McCabe,29.0,76.0,24:40:06,2TM
2023,Jake McCabe,29.0,55.0,17:51:14,CHI
2023,Jake McCabe,29.0,21.0,06:48:52,TOR
2023,Vladislav Namestnikov,30.0,77.0,16:12:04,2TM
2023,Vladislav Namestnikov,30.0,57.0,11:14:31,TBL
2023,Vladislav Namestnikov,30.0,20.0,04:57:33,WPG
2023,Matt Benning,28.0,77.0,25:22:57,SJS
2023,Adam Boqvist,22.0,46.0,14:17:08,CBJ
2023,Bowen Byram,21.0,42.0,15:18:52,COL
2023,Mark Giordano,39.0,78.0,24:38:08,TOR
2023,Esa Lindell,28.0,82.0,27:13:11,DAL
2023,Scott Mayfield,30.0,82.0,28:44:21,NYI
2023,Marcus Pettersson,26.0,68.0,23:19:42,PIT
2023,Eric Robinson,27.0,72.0,16:44:15,CBJ
2023,Pius Suter,26.0,79.0,18:30:53,DET
2023,Yakov Trenin,26.0,77.0,19:26:18,NSH
2023,Matthew Nieto,30.0,81.0,18:15:30,2TM
2023,Matthew Nieto,30.0,45.0,11:44:04,SJS
2023,Matthew Nieto,30.0,36.0,06:31:26,COL
2023,Sebastian Aho,26.0,71.0,19:50:42,NYI
2023,Derick Brassard,35.0,62.0,12:35:11,OTT
2023,Connor Clifton,27.0,78.0,23:12:45,BOS
2023,Brenden Dillon,32.0,82.0,26:46:15,WPG
2023,Dakota Joshua,26.0,79.0,15:10:13,VAN
2023,Nick Leddy,31.0,78.0,27:27:44,STL
2023,Olli Määttä,28.0,78.0,24:19:09,DET
2023,Ryan McLeod,23.0,57.0,13:28:35,EDM
2023,Ondřej Palát,31.0,49.0,12:41:14,NJD
2023,Travis Sanheim,26.0,81.0,27:32:37,PHI
2023,Trevor van Riemsdyk,31.0,75.0,23:49:54,WSH
2023,Fabian Zetterlund,23.0,67.0,14:48:13,2TM
2023,Fabian Zetterlund,23.0,45.0,09:42:55,NJD
2023,Fabian Zetterlund,23.0,22.0,05:05:18,SJS
2023,Noel Acciari,31.0,77.0,18:22:05,2TM
2023,Noel Acciari,31.0,54.0,13:07:11,STL
2023,Noel Acciari,31.0,23.0,05:14:54,TOR
2023,Lars Eller,33.0,84.0,20:42:31,2TM
2023,Lars Eller,33.0,60.0,15:14:23,WSH
2023,Lars Eller,33.0,24.0,05:28:08,COL
2023,Emil Bemström,23.0,55.0,11:05:58,CBJ
2023,Quinton Byfield,20.0,53.0,12:25:23,LAK
2023,Oliver Ekman-Larsson,31.0,54.0,18:09:30,VAN
2023,Danton Heinen,27.0,65.0,11:39:14,PIT
2023,Alexander Romanov,23.0,76.0,24:38:10,NYI
2023,Paul Stastny,37.0,73.0,14:26:31,CAR
2023,Tom Wilson,28.0,33.0,09:41:22,WSH
2023,Luke Schenn,33.0,70.0,19:04:50,2TM
2023,Luke Schenn,33.0,55.0,15:45:20,VAN
2023,Luke Schenn,33.0,15.0,03:19:30,TOR
2023,Garnet Hathaway,31.0,84.0,16:30:48,2TM
2023,Garnet Hathaway,31.0,59.0,11:54:07,WSH
2023,Garnet Hathaway,31.0,25.0,04:36:41,BOS
2023,Nicklas Bäckström,35.0,39.0,10:58:15,WSH
2023,Morgan Barron,24.0,70.0,15:28:00,WPG
2023,Jesper Boqvist,24.0,70.0,13:32:24,NJD
2023,Casey Cizikas,31.0,81.0,19:37:27,NYI
2023,Marcus Foligno,31.0,65.0,16:14:24,MIN
2023,Travis Hamonic,32.0,75.0,23:12:01,OTT
2023,Pierre-Olivier Joseph,23.0,75.0,19:03:41,PIT
2023,Klim Kostin,23.0,57.0,09:33:23,EDM
2023,Colin Miller,30.0,79.0,22:05:00,DAL
2023,Adam Pelech,28.0,61.0,22:00:46,NYI
2023,Jonas Siegenthaler,25.0,80.0,26:52:19,NJD
2023,Nikita Zadorov,27.0,82.0,25:32:14,CGY
2023,Denis Malgin,26.0,65.0,11:49:46,2TM
2023,Denis Malgin,26.0,23.0,04:27:15,TOR
2023,Denis Malgin,26.0,42.0,07:22:31,COL
2023,Michael Anderson,23.0,77.0,27:47:49,LAK
2023,William Borgen,26.0,82.0,22:21:30,SEA
2023,Radek Faksa,29.0,81.0,18:31:22,DAL
2023,Rafaël Harvey-Pinard,24.0,34.0,09:45:48,MTL
2023,Brett Kulak,29.0,82.0,23:55:46,EDM
2023,Sean Kuraly,30.0,71.0,17:50:13,CBJ
2023,Trevor Lewis,36.0,82.0,16:33:44,CGY
2023,Ryan Lomberg,28.0,82.0,15:27:20,FLA
2023,Ryan McDonagh,33.0,71.0,25:28:34,NSH
2023,Nicklaus Perbix,24.0,69.0,17:42:21,TBL
2023,Rasmus Ristolainen,28.0,74.0,23:27:47,PHI
2023,Adam Ružička,23.0,44.0,08:29:20,CGY
2023,Derek Ryan,36.0,80.0,14:53:17,EDM
2023,David Savard,32.0,62.0,23:08:00,MTL
2023,Joe Veleno,23.0,81.0,17:14:51,DET
2023,Cameron York,22.0,54.0,17:40:52,PHI
2023,Nick Bonino,34.0,62.0,16:26:44,2TM
2023,Nick Bonino,34.0,59.0,15:57:14,SJS
2023,Nick Bonino,34.0,3.0,00:29:30,PIT
2023,Ben Chiarot,31.0,76.0,26:06:15,DET
2023,Andrew Cogliano,35.0,79.0,16:36:48,COL
2023,Max Comtois,24.0,64.0,14:43:52,ANA
2023,Jake Evans,26.0,54.0,13:02:28,MTL
2023,Hudson Fasching,27.0,49.0,10:11:39,NYI
2023,Carl Grundström,25.0,57.0,10:12:52,LAK
2023,Max Jones,24.0,69.0,14:37:14,ANA
2023,Steven Lorentz,26.0,80.0,15:46:40,SJS
2023,Milan Lucic,34.0,77.0,14:30:38,CGY
2023,Matt Martin,33.0,81.0,15:03:02,NYI
2023,Nate Schmidt,31.0,71.0,21:51:11,WPG
2023,Alexey Toropchenko,23.0,69.0,13:53:16,STL
2023,Brock McGinn,28.0,75.0,16:17:33,2TM
2023,Brock McGinn,28.0,60.0,13:11:23,PIT
2023,Brock McGinn,28.0,15.0,03:06:10,ANA
2023,Vladislav Gavrikov,27.0,72.0,26:21:56,2TM
2023,Vladislav Gavrikov,27.0,52.0,19:21:35,CBJ
2023,Vladislav Gavrikov,27.0,20.0,07:00:21,LAK
2023,Tyler Motte,27.0,62.0,12:59:30,2TM
2023,Tyler Motte,27.0,38.0,08:33:59,OTT
2023,Tyler Motte,27.0,24.0,04:25:31,NYR
2023,Erik Brännström,23.0,74.0,19:52:24,OTT
2023,Paul Cotter,23.0,55.0,11:45:29,VEG
2023,Connor Dewar,23.0,81.0,14:47:55,MIN
2023,Adam Erne,27.0,61.0,13:36:14,DET
2023,Zemgus Girgensons,29.0,80.0,17:18:09,BUF
2023,Derek Grant,32.0,46.0,11:22:55,ANA
2023,Kaiden Guhle,21.0,44.0,15:02:42,MTL
2023,Justin Holl,31.0,80.0,26:59:19,TOR
2023,Mathieu Joseph,25.0,56.0,13:05:22,OTT
2023,Keegan Kolesar,25.0,74.0,14:09:04,VEG
2023,Timothy Liljegren,23.0,67.0,19:59:52,TOR
2023,Ryan Lindgren,24.0,63.0,19:46:55,NYR
2023,John Marino,25.0,64.0,22:28:32,NJD
2023,Tomáš Nosek,30.0,66.0,13:48:28,BOS
2023,Calle Rosén,28.0,49.0,12:44:28,STL
2023,Braden Schneider,21.0,81.0,21:13:28,NYR
2023,Philip Tomasino,21.0,31.0,08:03:25,NSH
2023,Marc-Édouard Vlasic,35.0,78.0,22:42:42,SJS
2023,Jake Walman,26.0,63.0,20:42:16,DET
2023,Tanner Jeannot,25.0,76.0,18:03:14,2TM
2023,Tanner Jeannot,25.0,56.0,14:04:57,NSH
2023,Tanner Jeannot,25.0,20.0,03:58:17,TBL
2023,Ian Cole,33.0,78.0,25:12:08,TBL
2023,Sheldon Dries,28.0,63.0,12:06:27,VAN
2023,Noah Gregor,24.0,57.0,12:19:31,SJS
2023,Radko Gudas,32.0,72.0,20:49:59,FLA
2023,Nicolas Hague,24.0,81.0,24:25:22,VEG
2023,Jordan Harris,22.0,65.0,20:12:24,MTL
2023,Brayden McNabb,32.0,82.0,27:07:11,VEG
2023,Sean Monahan,28.0,25.0,07:14:11,MTL
2023,Tyler Myers,32.0,78.0,27:10:42,VAN
2023,Mason Shaw,24.0,59.0,11:06:08,MIN
2023,Cole Smith,27.0,69.0,14:39:14,NSH
2023,Denis Gurianov,25.0,66.0,14:30:57,2TM
2023,Denis Gurianov,25.0,43.0,08:41:45,DAL
2023,Denis Gurianov,25.0,23.0,05:49:12,MTL
2023,Nils Åman,22.0,68.0,14:23:45,VAN
2023,Mason Appleton,27.0,41.0,10:56:47,WPG
2023,Ethan Bear,25.0,61.0,18:50:10,VAN
2023,Brandon Carlo,26.0,75.0,23:32:18,BOS
2023,Erik Černák,25.0,70.0,22:26:49,TBL
2023,Robby Fabbri,27.0,28.0,07:27:57,DET
2023,Martin Fehérváry,23.0,67.0,22:20:01,WSH
2023,Jani Hakanpää,30.0,82.0,26:25:08,DAL
2023,Nick Holden,35.0,65.0,18:05:58,OTT
2023,Caleb Jones,25.0,73.0,23:22:18,CHI
2023,Boris Katchouk,24.0,58.0,11:41:12,CHI
2023,Josh Leivo,29.0,51.0,10:06:27,STL
2023,Nils Lundkvist,22.0,60.0,16:18:32,DAL
2023,Josh Mahura,24.0,82.0,19:11:16,FLA
2023,Tyler Pitlick,31.0,61.0,10:14:37,STL
2023,Carson Soucy,28.0,78.0,21:10:46,SEA
2023,Oliver Wahlstrom,22.0,35.0,07:05:48,NYI
2023,Jesse Ylönen,23.0,37.0,08:17:32,MTL
2023,Dmitry Kulikov,32.0,67.0,21:44:46,2TM
2023,Dmitry Kulikov,32.0,61.0,20:32:44,ANA
2023,Dmitry Kulikov,32.0,6.0,01:12:02,PIT
2023,Jesse Puljujärvi,24.0,75.0,15:17:23,2TM
2023,Jesse Puljujärvi,24.0,58.0,11:50:07,EDM
2023,Jesse Puljujärvi,24.0,17.0,03:27:16,CAR
2023,Jakub Vrána,26.0,25.0,06:03:45,2TM
2023,Jakub Vrána,26.0,5.0,01:00:25,DET
2023,Jakub Vrána,26.0,20.0,05:03:20,STL
2023,Teddy Blueger,28.0,63.0,13:33:19,2TM
2023,Teddy Blueger,28.0,45.0,09:34:34,PIT
2023,Teddy Blueger,28.0,18.0,03:58:45,VEG
2023,Craig Smith,33.0,64.0,11:43:59,2TM
2023,Craig Smith,33.0,42.0,07:10:37,BOS
2023,Craig Smith,33.0,22.0,04:33:22,WSH
2023,Wade Allison,25.0,60.0,12:53:41,PHI
2023,Justin Barron,21.0,39.0,10:35:50,MTL
2023,Nathan Bastian,25.0,43.0,08:54:44,NJD
2023,Cody Ceci,29.0,80.0,26:50:45,EDM
2023,Luke Evangelista,20.0,24.0,06:37:45,NSH
2023,Dylan Guenther,19.0,33.0,07:12:42,ARI
2023,Johnathan Kovacevic,25.0,77.0,22:21:18,MTL
2023,Rasmus Kupari,22.0,66.0,11:06:16,LAK
2023,Oskar Lindblom,26.0,73.0,12:51:54,SJS
2023,Jacob Middleton,27.0,79.0,25:04:06,MIN
2023,Mathieu Olivier,25.0,66.0,12:47:36,CBJ
2023,Michael Pezzetta,24.0,63.0,09:47:19,MTL
2023,Rem Pitlick,25.0,46.0,09:54:26,MTL
2023,Aliaksei Protas,22.0,58.0,11:08:01,WSH
2023,Ryan Reaves,36.0,73.0,11:20:25,2TM
2023,Ryan Reaves,36.0,12.0,01:41:24,NYR
2023,Ryan Reaves,36.0,61.0,09:39:01,MIN
2023,Lukas Reichel,20.0,23.0,06:16:26,CHI
2023,Marc Staal,36.0,82.0,24:51:53,FLA
2023,Colin White,26.0,68.0,10:55:12,FLA
2023,Michael Eyssimont,26.0,54.0,11:01:42,3TM
2023,Michael Eyssimont,26.0,19.0,03:13:44,WPG
2023,Michael Eyssimont,26.0,20.0,04:56:44,SJS
2023,Michael Eyssimont,26.0,15.0,02:51:14,TBL
2023,Joel Armia,29.0,43.0,10:42:41,MTL
2023,Zach Aston-Reese,28.0,77.0,14:01:26,TOR
2023,Gavin Bayreuther,28.0,51.0,13:33:18,CBJ
2023,Alex Belzile,31.0,31.0,06:16:09,MTL
2023,Nick Blankenburg,24.0,36.0,11:30:16,CBJ
2023,T.J. Brodie,32.0,58.0,20:30:37,TOR
2023,Jonas Brodin,29.0,60.0,22:51:51,MIN
2023,Jalen Chatfield,26.0,78.0,18:21:44,CAR
2023,Mathew Dumba,28.0,79.0,28:00:56,MIN
2023,Liam Foudy,22.0,62.0,12:32:21,CBJ
2023,Sam Gagner,33.0,48.0,09:44:15,WPG
2023,Brendan Gallagher,30.0,37.0,08:48:25,MTL
2023,Axel Jonsson-Fjällby,24.0,50.0,08:42:48,WPG
2023,Jujhar Khaira,28.0,51.0,11:47:49,CHI
2023,Isac Lundeström,23.0,61.0,14:34:22,ANA
2023,Ilya Lyubushkin,28.0,68.0,17:00:36,BUF
2023,Pat Maroon,34.0,80.0,13:47:35,TBL
2023,Alec Martinez,35.0,77.0,24:40:19,VEG
2023,Ryan Poehling,24.0,53.0,10:23:51,PIT
2023,Nick Seeler,29.0,77.0,18:35:42,PHI
2023,Evgeny Svechnikov,26.0,59.0,10:34:07,SJS
2023,Conor Timmins,24.0,27.0,06:47:26,2TM
2023,Conor Timmins,24.0,2.0,00:17:08,ARI
2023,Conor Timmins,24.0,25.0,06:30:18,TOR
2023,Julien Gauthier,25.0,57.0,08:12:10,2TM
2023,Julien Gauthier,25.0,40.0,05:33:53,NYR
2023,Julien Gauthier,25.0,17.0,02:38:17,OTT
2023,Troy Stecher,28.0,81.0,22:05:52,2TM
2023,Troy Stecher,28.0,61.0,17:15:45,ARI
2023,Troy Stecher,28.0,20.0,04:50:07,CGY
2023,Pierre-Édouard Bellemare,37.0,73.0,13:43:39,TBL
2023,Yegor Chinakhov,21.0,30.0,06:37:34,CBJ
2023,Joel Edmundson,29.0,61.0,19:53:30,MTL
2023,Erik Gudbranson,31.0,70.0,24:50:56,CBJ
2023,Pontus Holmberg,23.0,37.0,06:25:32,TOR
2023,Brett Howden,24.0,54.0,11:45:11,VEG
2023,Henri Jokiharju,23.0,60.0,21:01:28,BUF
2023,Luke Kunin,25.0,31.0,07:58:23,SJS
2023,Connor Murphy,29.0,80.0,25:51:12,CHI
2023,Andrew Peeke,24.0,80.0,28:19:45,CBJ
2023,Kiefer Sherwood,27.0,32.0,07:14:56,NSH
2023,Chris Tanev,33.0,65.0,21:47:49,CGY
2023,Sean Walker,28.0,70.0,17:17:57,LAK
2023,Arber Xhekaj,22.0,51.0,12:58:48,MTL
2023,Brett Ritchie,29.0,50.0,08:22:31,2TM
2023,Brett Ritchie,29.0,34.0,05:19:43,CGY
2023,Brett Ritchie,29.0,16.0,03:02:48,ARI
2023,Jaret Anderson-Dolan,23.0,46.0,08:08:24,LAK
2023,Josh Archibald,30.0,62.0,10:18:34,PIT
2023,Nicolas Aubé-Kubel,26.0,53.0,10:01:40,2TM
2023,Nicolas Aubé-Kubel,26.0,6.0,00:54:28,TOR
2023,Nicolas Aubé-Kubel,26.0,47.0,09:07:12,WSH
2023,Cal Clutterbuck,35.0,49.0,09:58:58,NYI
2023,Calvin de Haan,31.0,53.0,11:57:15,CAR
2023,Nicolas Deslauriers,31.0,80.0,13:27:32,PHI
2023,Phillip Di Giuseppe,29.0,30.0,07:17:09,VAN
2023,Derek Forbort,30.0,54.0,15:57:32,BOS
2023,A.J. Greer,26.0,61.0,09:15:39,BOS
2023,Mark Jankowski,28.0,50.0,10:21:59,NSH
2023,Jeremy Lauzon,25.0,67.0,18:48:24,NSH
2023,Jaycob Megna,30.0,54.0,16:58:46,2TM
2023,Jaycob Megna,30.0,48.0,15:14:36,SJS
2023,Jaycob Megna,30.0,6.0,01:44:10,SEA
2023,Jonathon Merrill,30.0,73.0,18:25:37,MIN
2023,Zach Whitecloud,26.0,59.0,16:49:35,VEG
2023,Patrick Brown,30.0,61.0,11:34:02,2TM
2023,Patrick Brown,30.0,43.0,08:13:40,PHI
2023,Patrick Brown,30.0,18.0,03:20:22,OTT
2023,Marcus Björk,25.0,33.0,09:59:02,CBJ
2023,Walker Duehr,25.0,27.0,04:35:18,CGY
2023,Alexander Edler,36.0,64.0,15:45:34,LAK
2023,Dante Fabbro,24.0,79.0,22:58:21,NSH
2023,Mario Ferraro,24.0,72.0,25:55:26,SJS
2023,Vinnie Hinostroza,28.0,26.0,05:27:37,BUF
2023,Mark Kastelic,23.0,65.0,09:38:03,OTT
2023,Liam O'Brien,28.0,56.0,10:39:54,ARI
2023,Drew O'Connor,24.0,46.0,07:31:31,PIT
2023,Jordan Oesterle,30.0,52.0,13:34:06,DET
2023,Cole Sillinger,19.0,64.0,14:11:47,CBJ
2023,Derek Stepan,32.0,73.0,11:02:53,CAR
2023,Michael Stone,32.0,48.0,10:39:02,CGY
2023,Austin Watson,31.0,75.0,12:47:28,OTT
2023,Jordan Greenway,25.0,62.0,13:57:18,2TM
2023,Jordan Greenway,25.0,45.0,09:58:22,MIN
2023,Jordan Greenway,25.0,17.0,03:58:56,BUF
2023,Scott Harrington,29.0,45.0,12:19:43,2TM
2023,Scott Harrington,29.0,28.0,07:08:10,SJS
2023,Scott Harrington,29.0,17.0,05:11:33,ANA
2023,Simon Benoit,24.0,78.0,25:09:14,ANA
2023,Colin Blackwell,29.0,53.0,10:25:27,CHI
2023,Brandon Duhaime,25.0,51.0,09:08:36,MIN
2023,MacKenzie Entwistle,23.0,66.0,13:06:31,CHI
2023,Dylan Gambrell,26.0,60.0,11:23:20,OTT
2023,Brad Hunt,34.0,47.0,08:47:04,COL
2023,Saku Mäenalanen,28.0,64.0,11:01:15,WPG
2023,Josh Manson,31.0,27.0,07:57:34,COL
2023,Jake Neighbours,20.0,43.0,08:54:23,STL
2023,Mattias Samuelsson,22.0,55.0,20:19:41,BUF
2023,Juraj Slafkovsky,18.0,39.0,07:56:24,MTL
2023,Nathan Walker,28.0,56.0,09:35:54,STL
2023,Artem Zub,27.0,53.0,17:53:25,OTT
2023,Zack MacEwen,26.0,56.0,10:48:09,2TM
2023,Zack MacEwen,26.0,46.0,09:26:17,PHI
2023,Zack MacEwen,26.0,10.0,01:21:52,LAK
2023,Chris Tierney,28.0,36.0,06:31:04,2TM
2023,Chris Tierney,28.0,13.0,01:50:02,FLA
2023,Chris Tierney,28.0,23.0,04:41:02,MTL
2023,Jacob Bryson,25.0,59.0,14:20:35,BUF
2023,Alexandre Carrier,26.0,43.0,12:49:12,NSH
2023,Alex Chiasson,32.0,20.0,04:01:27,DET
2023,Pavel Dorofeyev,22.0,18.0,04:16:09,VEG
2023,Anthony Duclair,27.0,20.0,04:57:02,FLA
2023,Ridly Greig,20.0,20.0,04:18:02,OTT
2023,Nils Höglander,22.0,25.0,05:01:23,VAN
2023,Dylan Holloway,21.0,51.0,08:08:51,EDM
2023,Simon Holmström,21.0,50.0,09:14:51,NYI
2023,Joel Kiviranta,26.0,70.0,14:10:48,DAL
2023,Brett Leason,23.0,54.0,09:48:10,ANA
2023,Jan Rutta,32.0,56.0,15:58:44,PIT
2023,Devin Shore,28.0,47.0,07:01:21,EDM
2023,Victor Söderström,21.0,30.0,08:05:09,ARI
2023,Kevin Stenlund,26.0,54.0,10:28:50,WPG
2023,Joey Anderson,24.0,38.0,07:24:30,2TM
2023,Joey Anderson,24.0,14.0,02:14:05,TOR
2023,Joey Anderson,24.0,24.0,05:10:25,CHI
2023,Brendan Lemieux,26.0,45.0,07:38:10,2TM
2023,Brendan Lemieux,26.0,27.0,03:49:24,LAK
2023,Brendan Lemieux,26.0,18.0,03:48:46,PHI
2023,Rasmus Asplund,25.0,46.0,08:24:16,2TM
2023,Rasmus Asplund,25.0,27.0,05:06:04,BUF
2023,Rasmus Asplund,25.0,19.0,03:18:12,NSH
2023,Kevin Bahl,22.0,42.0,09:48:51,NJD
2023,Anders Bjork,26.0,14.0,03:13:35,2TM
2023,Anders Bjork,26.0,1.0,00:09:38,BUF
2023,Anders Bjork,26.0,13.0,03:03:57,CHI
2023,Philip Broberg,21.0,46.0,09:39:46,EDM
2023,Jack Drury,22.0,38.0,06:49:50,CAR
2023,Ben Hutton,29.0,31.0,08:15:49,VEG
2023,Erik Johnson,34.0,63.0,18:07:02,COL
2023,Gustav Lindström,24.0,36.0,08:30:06,DET
2023,Jayson Megna,32.0,55.0,09:10:16,2TM
2023,Jayson Megna,32.0,14.0,01:42:06,COL
2023,Jayson Megna,32.0,41.0,07:28:10,ANA
2023,Ian Mitchell,24.0,35.0,09:14:22,CHI
2023,Jacob Peterson,23.0,12.0,03:29:16,2TM
2023,Jacob Peterson,23.0,1.0,00:12:19,DAL
2023,Jacob Peterson,23.0,11.0,03:16:57,SJS
2023,Dylan Samberg,24.0,63.0,15:40:20,WPG
2023,Lukáš Sedlák,29.0,30.0,06:06:08,2TM
2023,Lukáš Sedlák,29.0,3.0,00:23:05,COL
2023,Lukáš Sedlák,29.0,27.0,05:43:03,PHI
2023,Elmer Söderblom,21.0,21.0,04:13:32,DET
2023,Jack Studnicka,23.0,48.0,08:28:33,2TM
2023,Jack Studnicka,23.0,1.0,00:08:01,BOS
2023,Jack Studnicka,23.0,47.0,08:20:32,VAN
2023,Jarred Tinordi,30.0,44.0,12:04:08,CHI
2023,Zach Werenski,25.0,13.0,05:06:45,CBJ
2023,Vitali Kravtsov,23.0,44.0,08:13:08,2TM
2023,Vitali Kravtsov,23.0,28.0,05:19:44,NYR
2023,Vitali Kravtsov,23.0,16.0,02:53:24,VAN
2023,Jacob MacDonald,29.0,58.0,11:38:17,2TM
2023,Jacob MacDonald,29.0,33.0,04:45:57,COL
2023,Jacob MacDonald,29.0,25.0,06:52:20,SJS
2023,Martin Kaut,23.0,36.0,06:14:27,2TM
2023,Martin Kaut,23.0,27.0,04:06:46,COL
2023,Martin Kaut,23.0,9.0,02:07:41,SJS
2023,Riley Stillman,24.0,50.0,12:12:07,2TM
2023,Riley Stillman,24.0,32.0,08:35:18,VAN
2023,Riley Stillman,24.0,18.0,03:36:49,BUF
2023,Nikita Zaitsev,31.0,46.0,12:37:20,2TM
2023,Nikita Zaitsev,31.0,28.0,08:02:18,OTT
2023,Nikita Zaitsev,31.0,18.0,04:35:02,CHI
2023,Jack Johnson,36.0,83.0,26:28:53,2TM
2023,Jack Johnson,36.0,58.0,19:10:12,CHI
2023,Jack Johnson,36.0,25.0,07:18:41,COL
2023,Nikita Alexandrov,22.0,28.0,04:34:46,STL
2023,Josh Brown,29.0,68.0,17:51:53,ARI
2023,Sam Carrick,30.0,52.0,09:09:24,ANA
2023,Tyson Foerster,21.0,8.0,02:12:32,PHI
2023,Jonah Gadjovich,24.0,35.0,05:14:42,SJS
2023,Robert Hägg,27.0,38.0,09:49:47,DET
2023,Jakub Lauko,22.0,23.0,03:23:53,BOS
2023,Jakob Pelletier,21.0,24.0,05:40:26,CGY
2023,Vasily Podkolzin,21.0,39.0,07:41:40,VAN
2023,Filip Zadina,23.0,30.0,06:32:54,DET
2023,Callan Foote,24.0,50.0,12:36:07,2TM
2023,Callan Foote,24.0,26.0,06:09:12,TBL
2023,Callan Foote,24.0,24.0,06:26:55,NSH
2023,Karson Kuhlman,27.0,47.0,09:16:39,2TM
2023,Karson Kuhlman,27.0,14.0,02:15:51,SEA
2023,Karson Kuhlman,27.0,33.0,07:00:48,WPG
2023,Connor Mackey,26.0,30.0,07:01:25,2TM
2023,Connor Mackey,26.0,10.0,01:42:54,CGY
2023,Connor Mackey,26.0,20.0,05:18:31,ARI
2023,Jake Bean,24.0,14.0,03:39:51,CBJ
2023,Logan Brown,24.0,30.0,05:12:06,STL
2023,Luke Glendening,33.0,70.0,14:04:22,DAL
2023,Alex Goligoski,37.0,46.0,13:32:40,MIN
2023,David Gustafsson,22.0,46.0,07:44:29,WPG
2023,Cole Guttman,23.0,14.0,03:23:51,CHI
2023,Ben Harpur,28.0,42.0,09:50:42,NYR
2023,Reese Johnson,24.0,57.0,10:27:39,CHI
2023,Kurtis MacDermid,28.0,44.0,06:06:37,COL
2023,Daniil Miromanov,25.0,14.0,03:58:29,VEG
2023,Jakub Voráček,33.0,11.0,02:55:33,CBJ
2023,Colton White,25.0,46.0,11:08:26,ANA
2023,Chris Wideman,33.0,46.0,10:21:33,MTL
2023,Niko Mikkola,26.0,81.0,23:31:55,2TM
2023,Niko Mikkola,26.0,50.0,13:52:06,STL
2023,Niko Mikkola,26.0,31.0,09:39:49,NYR
2023,Lane Pederson,25.0,27.0,05:22:01,2TM
2023,Lane Pederson,25.0,11.0,02:21:12,VAN
2023,Lane Pederson,25.0,16.0,03:00:49,CBJ
2023,Alexander Alexeyev,23.0,32.0,08:46:33,WSH
2023,Zach Bogosian,32.0,46.0,11:28:51,TBL
2023,Robert Bortuzzo,33.0,43.0,09:00:22,STL
2023,Kyle Burroughs,27.0,48.0,13:53:25,VAN
2023,Austin Czarnik,30.0,29.0,05:24:00,DET
2023,Vincent Desharnais,26.0,36.0,08:07:39,EDM
2023,Jansen Harkins,25.0,22.0,03:58:02,WPG
2023,Matt Irwin,35.0,61.0,13:15:20,WSH
2023,Curtis Lazar,27.0,49.0,09:44:34,2TM
2023,Curtis Lazar,27.0,45.0,09:07:27,VAN
2023,Curtis Lazar,27.0,4.0,00:37:07,NJD
2023,Patrik Nemeth,30.0,75.0,22:12:51,ARI
2023,Tanner Pearson,30.0,14.0,03:08:55,VAN
2023,Isaak Phillips,21.0,16.0,04:07:22,CHI
2023,Anthony Richard,26.0,13.0,02:09:28,MTL
2023,Nicholas Robertson,21.0,15.0,02:43:16,TOR
2023,Chad Ruhwedel,32.0,47.0,11:24:43,PIT
2023,Brendan Smith,33.0,60.0,15:33:12,NJD
2023,Rūdolfs Balcers,25.0,17.0,02:53:29,2TM
2023,Rūdolfs Balcers,25.0,14.0,02:32:51,FLA
2023,Rūdolfs Balcers,25.0,3.0,00:20:38,TBL
2023,Nathan Beaulieu,30.0,52.0,13:12:08,ANA
2023,Jake Christiansen,23.0,24.0,06:05:19,CBJ
2023,Nick Cicek,22.0,16.0,03:50:40,SJS
2023,Kale Clague,24.0,33.0,08:18:26,BUF
2023,Zac Dalpe,33.0,14.0,01:57:37,FLA
2023,Jesper Frödén,28.0,14.0,02:19:57,SEA
2023,Dennis Gilbert,26.0,23.0,04:30:00,CGY
2023,Alexander Holtz,21.0,19.0,03:15:09,NJD
2023,Parker Kelly,23.0,55.0,09:37:57,OTT
2023,Matt Kiersted,24.0,20.0,03:16:53,FLA
2023,Tanner Laczynski,25.0,32.0,05:04:45,PHI
2023,Matt Luff,25.0,19.0,03:07:40,DET
2023,Michael McCarron,27.0,32.0,05:37:21,NSH
2023,Ben Meyers,24.0,39.0,06:14:16,COL
2023,Fredrik Olofsson,26.0,28.0,04:45:45,DAL
2023,Robin Salo,24.0,11.0,02:02:56,NYI
2023,Givani Smith,24.0,36.0,04:12:09,2TM
2023,Givani Smith,24.0,2.0,00:19:53,DET
2023,Givani Smith,24.0,34.0,03:52:16,FLA
2023,Ty Smith,22.0,9.0,03:01:49,PIT
2023,Joe Snively,27.0,12.0,02:31:09,WSH
2023,Tyler Tucker,22.0,26.0,06:20:41,STL
2023,Egor Zamula,22.0,14.0,03:07:24,PHI
2023,Jakub Zbořil,25.0,22.0,04:52:22,BOS
2023,Andreas Englund,27.0,47.0,09:29:14,2TM
2023,Andreas Englund,27.0,36.0,06:45:28,COL
2023,Andreas Englund,27.0,11.0,02:43:46,CHI
2023,Andrew Agozzino,32.0,4.0,01:05:29,SJS
2023,Kieffer Bellows,24.0,28.0,04:31:20,2TM
2023,Kieffer Bellows,24.0,1.0,00:07:16,NYI
2023,Kieffer Bellows,24.0,27.0,04:24:04,PHI
2023,Tim Berni,22.0,59.0,16:40:54,CBJ
2023,Samuel Bolduc,22.0,17.0,04:04:49,NYI
2023,Guillaume Brisebois,25.0,17.0,04:41:10,VAN
2023,Michael Carcone,26.0,9.0,01:53:48,ARI
2023,Ryan Carpenter,32.0,22.0,03:21:53,NYR
2023,Dylan Coghlan,24.0,17.0,03:36:15,CAR
2023,Justin Danforth,29.0,6.0,01:20:20,CBJ
2023,Grigori Denisenko,22.0,18.0,02:58:01,FLA
2023,William Eklund,20.0,8.0,02:38:42,SJS
2023,Samuel Fagemo,22.0,9.0,01:10:40,LAK
2023,Casey Fitzgerald,25.0,27.0,05:21:44,2TM
2023,Casey Fitzgerald,25.0,23.0,05:00:13,BUF
2023,Casey Fitzgerald,25.0,4.0,00:21:31,FLA
2023,Mark Friedman,27.0,23.0,05:32:21,PIT
2023,Jordan Gross,27.0,15.0,04:41:42,NSH
2023,Aleksi Heponiemi,24.0,10.0,01:25:53,FLA
2023,Akito Hirose,23.0,7.0,02:02:15,VAN
2023,Patric Hörnqvist,36.0,22.0,03:23:53,FLA
2023,Andreas Johnsson,28.0,13.0,02:55:02,2TM
2023,Andreas Johnsson,28.0,2.0,00:09:28,NJD
2023,Andreas Johnsson,28.0,11.0,02:45:34,SJS
2023,Wyatt Kaiser,20.0,9.0,02:47:25,CHI
2023,Michael Kesselring,23.0,9.0,02:33:51,ARI
2023,Ryan Murray,29.0,13.0,02:50:37,EDM
2023,Philippe Myers,26.0,11.0,02:06:58,TBL
2023,Joshua Norris,23.0,8.0,02:23:54,OTT
2023,Max Pacioretty,34.0,5.0,01:08:13,CAR
2023,Nic Petan,27.0,10.0,01:56:00,MIN
2023,Lawrence Pilut,27.0,17.0,03:37:32,BUF
2023,Darren Raddysh,26.0,17.0,04:40:11,TBL
2023,Pavol Regenda,23.0,14.0,02:27:35,ANA
2023,Buddy Robinson,31.0,9.0,01:45:58,CHI
2023,Filip Roos,24.0,17.0,04:35:46,CHI
2023,Zach Sanford,28.0,16.0,03:35:50,NSH
2023,Radim Šimek,30.0,44.0,10:43:26,SJS
2023,Logan Stanley,24.0,19.0,04:20:34,WPG
2023,Vítek Vaněček,27.0,52.0,48:35:34,NJD
2023,Christian Wolanin,27.0,16.0,04:12:06,VAN
2023,Aatu Räty,20.0,15.0,02:05:42,2TM
2023,Aatu Räty,20.0,12.0,01:45:10,NYI
2023,Aatu Räty,20.0,3.0,00:20:32,VAN
2023,Dryden Hunt,27.0,37.0,04:58:43,3TM
2023,Dryden Hunt,27.0,3.0,00:26:28,NYR
2023,Dryden Hunt,27.0,25.0,03:16:20,COL
2023,Dryden Hunt,27.0,9.0,01:15:55,TOR
2023,Nicholas Abruzzese,23.0,2.0,00:17:57,TOR
2023,Jordie Benn,35.0,12.0,03:09:37,TOR
2023,Jordan Binnington,29.0,61.0,58:36:03,STL
2023,Thomas Bordeleau,21.0,8.0,02:01:52,SJS
2023,Justin Braun,35.0,51.0,12:44:07,PHI
2023,Jonny Brodzinski,29.0,17.0,02:38:25,NYR
2023,Kyle Capobianco,25.0,14.0,02:52:34,WPG
2023,Gabriel Carlsson,26.0,6.0,01:22:34,WSH
2023,Brandt Clarke,19.0,9.0,02:02:47,LAK
2023,Simon Edvinsson,19.0,9.0,02:33:37,DET
2023,Byron Froese,31.0,9.0,01:29:39,VEG
2023,John Gibson,29.0,53.0,50:04:55,ANA
2023,Daniil Gushchin,20.0,2.0,00:31:49,SJS
2023,Joel Hanley,31.0,26.0,05:02:34,DAL
2023,Thomas Harley,21.0,6.0,01:40:45,DAL
2023,John Hayden,27.0,7.0,00:55:23,SEA
2023,Mac Hollowell,24.0,6.0,01:17:37,TOR
2023,Luke Hughes,19.0,2.0,00:32:28,NJD
2023,Tristan Jarry,27.0,47.0,44:10:02,PIT
2023,Ross Johnston,28.0,16.0,02:04:46,NYI
2023,Zachary Jones,22.0,16.0,04:09:46,NYR
2023,Zack Kassian,32.0,51.0,07:47:00,ARI
2023,Tyler Kleven,21.0,8.0,01:57:31,OTT
2023,Otto Koivula,24.0,8.0,00:54:53,NYI
2023,Kaedan Korczak,22.0,10.0,02:55:41,VEG
2023,Beck Malenstyn,24.0,9.0,01:29:13,WSH
2023,Jacob Markström,33.0,59.0,56:50:50,CGY
2023,Hunter McKown,20.0,12.0,02:26:42,CBJ
2023,Victor Mete,24.0,11.0,02:23:48,TOR
2023,Petr Mrázek,30.0,39.0,36:05:10,CHI
2023,Alexander Nylander,24.0,9.0,01:50:46,PIT
2023,Brayden Pachal,23.0,10.0,02:46:12,VEG
2023,Derrick Pouliot,29.0,8.0,02:15:34,SJS
2023,Jack Rathbone,23.0,11.0,02:36:35,VAN
2023,Lukáš Rousek,23.0,2.0,00:22:37,BUF
2023,Ilya Samsonov,25.0,42.0,41:15:36,TOR
2023,Marco Scandella,32.0,20.0,05:56:42,STL
2023,Wayne Simmonds,34.0,18.0,02:14:05,TOR
2023,Stuart Skinner,24.0,50.0,48:23:05,EDM
2023,Egor Sokolov,22.0,5.0,00:35:12,OTT
2023,Spencer Stastney,23.0,8.0,02:20:53,NSH
2023,Henry Thrun,21.0,8.0,02:38:55,SJS
2023,Urho Vaakanainen,24.0,23.0,06:18:32,ANA
2023,Andrei Vasilevskiy,28.0,60.0,59:56:25,TBL
2023,Austin Wagner,25.0,7.0,01:24:58,CHI
2023,Samuel Walker,23.0,9.0,01:35:24,MIN
2023,Shane Wright,19.0,8.0,01:07:52,SEA
2023,Egor Afanasyev,22.0,17.0,03:04:25,NSH
2023,Jake Allen,32.0,42.0,40:50:25,MTL
2023,Frederik Andersen,33.0,34.0,33:04:21,CAR
2023,Craig Anderson,41.0,26.0,24:50:02,BUF
2023,Andy Andreoff,31.0,3.0,00:22:03,NYI
2023,Tyler Angle,22.0,2.0,00:22:57,CBJ
2023,Jacob Bernard-Docker,22.0,19.0,05:04:19,OTT
2023,William Bitten,24.0,4.0,00:26:35,STL
2023,Tobias Björnfot,21.0,10.0,02:22:50,LAK
2023,Matěj Blümel,22.0,6.0,00:58:13,DAL
2023,Jack Campbell,31.0,36.0,33:46:23,EDM
2023,Connor Carrick,28.0,1.0,00:16:54,BOS
2023,Kyle Clifford,32.0,2.0,00:15:49,TOR
2023,Eric Comrie,27.0,19.0,18:31:59,BUF
2023,Lucas Condotta,25.0,1.0,00:11:02,MTL
2023,Pheonix Copley,31.0,37.0,34:49:29,LAK
2023,Joseph Cramarossa,30.0,4.0,00:31:11,MIN
2023,Kyle Criscuolo,30.0,1.0,00:13:14,SJS
2023,Laurent Dauphin,27.0,21.0,03:39:39,ARI
2023,Collin Delia,28.0,20.0,18:55:40,VAN
2023,Thatcher Demko,27.0,32.0,31:18:31,VAN
2023,Travis Dermott,26.0,11.0,02:31:15,VAN
2023,Brian Elliott,37.0,22.0,22:04:44,TBL
2023,Sean Farrell,21.0,6.0,01:23:14,MTL
2023,Trey Fix-Wolansky,23.0,9.0,01:56:29,CBJ
2023,Cale Fleury,24.0,12.0,02:39:42,SEA
2023,Haydn Fleury,26.0,29.0,06:10:59,TBL
2023,Marc-André Fleury,38.0,46.0,44:14:17,MIN
2023,Nolan Foote,22.0,6.0,00:43:18,NJD
2023,Pavel Francouz,32.0,16.0,16:04:32,COL
2023,Brendan Gaunce,28.0,5.0,00:52:19,CBJ
2023,Alexandar Georgiev,26.0,62.0,61:40:20,COL
2023,Damien Giroux,22.0,1.0,00:13:57,MIN
2023,Kevin Gravel,30.0,23.0,05:28:11,NSH
2023,Philipp Grubauer,31.0,39.0,34:25:37,SEA
2023,Dave Gust,28.0,4.0,00:56:49,CHI
2023,Filip Gustavsson,24.0,39.0,38:30:56,MIN
2023,Libor Hájek,24.0,16.0,03:32:09,NYR
2023,Jaroslav Halák,37.0,25.0,24:13:56,NYR
2023,Ville Heinola,21.0,10.0,02:12:40,WPG
2023,Drew Helleson,21.0,3.0,00:40:57,ANA
2023,Adin Hill,26.0,27.0,24:50:54,VEG
2023,Michael Hutchinson,32.0,16.0,12:35:27,CBJ
2023,Vincent Iorio,20.0,3.0,00:43:02,WSH
2023,Miloš Kelemen,23.0,14.0,01:47:31,ARI
2023,Matthew Knies,20.0,3.0,00:39:20,TOR
2023,Spencer Knight,21.0,21.0,19:28:45,FLA
2023,Nikolai Knyzhov,24.0,12.0,03:13:44,SJS
2023,Cole Koepke,24.0,17.0,02:34:43,TBL
2023,Joona Koppanen,24.0,5.0,00:54:08,BOS
2023,John Leonard,24.0,6.0,01:09:14,NSH
2023,Charlie Lindgren,29.0,31.0,28:12:04,WSH
2023,Jake Livingstone,,5.0,01:17:15,NSH
2023,William Lockwood,24.0,13.0,02:13:36,VAN
2023,Jake Lucchini,27.0,11.0,02:08:23,OTT
2023,Joona Luoto,25.0,7.0,01:27:15,CBJ
2023,Ukko-Pekka Luukkonen,23.0,33.0,31:50:13,BUF
2023,Olle Lycksell,23.0,8.0,01:24:29,PHI
2023,Aidan McDonough,23.0,6.0,00:55:51,VAN
2023,Dylan McIlrath,30.0,6.0,01:10:03,WSH
2023,Bobby McMann,26.0,10.0,01:45:43,TOR
2023,Cole McWard,21.0,5.0,01:11:04,VAN
2023,Elvis Merzļikins,28.0,30.0,26:00:12,CBJ
2023,Carson Meyer,25.0,14.0,02:16:05,CBJ
2023,Jake Muzzin,33.0,4.0,01:06:51,TOR
2023,Nikita Nesterenko,21.0,9.0,01:59:36,ANA
2023,Jake Oettinger,24.0,62.0,60:44:53,DAL
2023,Nikita Okhotyuk,22.0,10.0,01:57:20,NJD
2023,Luke Philp,27.0,3.0,00:35:02,CHI
2023,Tucker Poolman,29.0,3.0,00:41:53,VAN
2023,Samuel Poulin,21.0,3.0,00:29:54,PIT
2023,Mikael Pyyhtia,21.0,2.0,00:27:03,CBJ
2023,Kristian Reichel,24.0,2.0,00:21:07,WPG
2023,Mike Reilly,29.0,10.0,02:47:21,BOS
2023,Justin Richards,24.0,2.0,00:21:35,CBJ
2023,Kevin Rooney,29.0,17.0,02:30:40,CGY
2023,Marco Rossi,21.0,19.0,03:57:57,MIN
2023,Jonas Røndbjerg,23.0,13.0,02:12:13,VEG
2023,Steven Santini,27.0,4.0,00:50:02,STL
2023,Juuse Saros,27.0,64.0,63:29:59,NSH
2023,Corey Schueneman,27.0,7.0,01:42:55,MTL
2023,Brett Seney,26.0,7.0,01:31:54,CHI
2023,Igor Shesterkin,27.0,58.0,58:08:46,NYR
2023,Ilya Sorokin,27.0,62.0,59:47:04,NYI
2023,Jordan Spence,21.0,6.0,01:24:00,LAK
2023,Oskar Steen,24.0,3.0,00:27:28,BOS
2023,Stanislav Svozil,20.0,2.0,00:40:14,CBJ
2023,Billy Sweezey,26.0,9.0,02:34:00,CBJ
2023,Mads Søgaard,22.0,19.0,17:27:30,OTT
2023,Daniil Tarasov,23.0,17.0,14:34:08,CBJ
2023,Joel Teasdale,23.0,2.0,00:21:44,MTL
2023,Dominic Toninato,28.0,5.0,00:39:38,WPG
2023,Linus Ullmark,29.0,49.0,48:02:12,BOS
2023,Alex Vlasic,21.0,6.0,01:57:49,CHI
2023,Parker Wotherspoon,25.0,12.0,02:39:55,NYI
2023,Radim Zohorna,26.0,10.0,01:25:45,2TM
2023,Radim Zohorna,26.0,8.0,01:07:21,CGY
2023,Radim Zohorna,26.0,2.0,00:18:24,TOR
2023,Jett Alexander,23.0,1.0,00:01:10,TOR
2023,Frédéric Allard,25.0,3.0,00:41:32,MTL
2023,Lias Andersson,24.0,1.0,00:08:37,LAK
2023,Justus Annunen,22.0,2.0,01:57:20,COL
2023,Yaroslav Askarov,20.0,1.0,00:57:50,NSH
2023,Ronald Attard,23.0,2.0,00:33:29,PHI
2023,Cole Bardreau,29.0,1.0,00:06:37,NYI
2023,Alex Barré-Boulet,25.0,1.0,00:10:01,TBL
2023,Owen Beck,18.0,1.0,00:09:48,MTL
2023,Adam Beckman,21.0,9.0,01:36:13,MIN
2023,Tyler Benson,24.0,2.0,00:12:34,EDM
2023,Matthew Berlin,,1.0,00:02:26,EDM
2023,Mackenzie Blackwood,26.0,22.0,18:45:33,NJD
2023,Anton Blidh,27.0,14.0,01:32:07,COL
2023,Sergei Bobrovsky,34.0,50.0,47:14:22,FLA
2023,Henrik Borgström,25.0,1.0,00:08:10,WSH
2023,Mark Borowiecki,33.0,4.0,00:39:42,NSH
2023,Shane Bowers,23.0,1.0,00:01:46,COL
2023,Laurent Brossoit,29.0,11.0,10:36:02,VEG
2023,Connor Brown,29.0,4.0,01:07:04,WSH
2023,Callahan Burke,25.0,2.0,00:17:37,COL
2023,Drake Caggiula,28.0,4.0,00:26:24,PIT
2023,Lucas Carlsson,25.0,2.0,00:20:11,FLA
2023,Jackson Cates,25.0,5.0,00:44:53,PHI
2023,Rourke Chartier,26.0,6.0,01:02:01,OTT
2023,Dennis Cholowski,24.0,2.0,00:25:33,NYI
2023,Matthew Coronato,20.0,1.0,00:14:38,CGY
2023,William Cuylle,20.0,4.0,00:27:50,NYR
2023,Joey Daccord,26.0,5.0,04:08:08,SEA
2023,Jeremy Davies,26.0,1.0,00:08:33,BUF
2023,Jean-Sébastien Dea,28.0,4.0,00:37:48,ARI
2023,Aaron Dell,33.0,4.0,03:19:17,SJS
2023,Jason Demers,34.0,1.0,00:10:44,EDM
2023,Semyon Der-Arguchintsev,22.0,1.0,00:07:16,TOR
2023,Nick DeSimone,28.0,4.0,00:45:00,CGY
2023,Casey DeSmith,31.0,38.0,34:25:57,PIT
2023,Elliot Desnoyers,,4.0,00:53:28,PHI
2023,Lukáš Dostál,22.0,19.0,17:42:43,ANA
2023,Jamie Drysdale,20.0,8.0,02:20:58,ANA
2023,William Dufour,21.0,1.0,00:06:48,NYI
2023,Joshua Dunne,24.0,8.0,01:19:43,CBJ
2023,Arnaud Durandeau,24.0,4.0,00:52:00,NYI
2023,Olle Eriksson Ek,23.0,1.0,01:03:59,ANA
2023,Samuel Ersson,23.0,12.0,10:44:55,PHI
2023,Brock Faber,20.0,2.0,00:40:08,MIN
2023,Taylor Fedun,34.0,4.0,00:44:16,PIT
2023,Dylan Ferguson,24.0,2.0,01:58:52,OTT
2023,Steven Fogarty,29.0,2.0,00:20:38,MIN
2023,Anton Forsberg,30.0,28.0,24:31:43,OTT
2023,Gabriel Fortier,22.0,1.0,00:08:25,TBL
2023,Jean-Luc Foudy,20.0,9.0,01:30:16,COL
2023,Alex Galchenyuk,28.0,11.0,01:18:11,COL
2023,Glenn Gawdin,25.0,3.0,00:28:47,ANA
2023,Jon Gillies,29.0,3.0,01:58:09,CBJ
2023,Adam Ginning,23.0,1.0,00:16:40,PHI
2023,Jet Greaves,21.0,1.0,00:58:57,CBJ
2023,Thomas Greiss,37.0,21.0,18:09:21,STL
2023,Benoit-Olivier Groulx,22.0,2.0,00:32:41,ANA
2023,Jonathan Gruden,22.0,3.0,00:15:59,PIT
2023,Max Guenette,21.0,1.0,00:08:47,OTT
2023,Filip Hallander,22.0,2.0,00:19:56,PIT
2023,James Hamblin,23.0,10.0,01:28:37,EDM
2023,Mike Hardman,23.0,8.0,01:21:19,CHI
2023,Carter Hart,24.0,55.0,52:43:46,PHI
2023,Dillon Heatherington,27.0,3.0,00:27:48,OTT
2023,Magnus Hellberg,31.0,18.0,15:36:21,2TM
2023,Magnus Hellberg,31.0,1.0,01:00:00,OTT
2023,Magnus Hellberg,31.0,17.0,14:36:21,DET
2023,Connor Hellebuyck,29.0,64.0,62:57:58,WPG
2023,Darren Helm,36.0,11.0,01:39:04,COL
2023,Matthew Highmore,26.0,2.0,00:21:30,STL
2023,Taro Hirose,26.0,3.0,00:30:59,DET
2023,Hayden Hodgson,26.0,1.0,00:04:46,PHI
2023,Joel Hofer,22.0,6.0,05:17:12,STL
2023,Charles Hudon,28.0,9.0,01:37:01,COL
2023,Ville Husso,27.0,56.0,53:40:14,DET
2023,Bokondji Imama,26.0,5.0,00:37:25,ARI
2023,Connor Ingram,25.0,27.0,26:26:40,ARI
2023,Jan Jeník,22.0,2.0,00:11:49,ARI
2023,David Jiříček,19.0,4.0,01:12:16,CBJ
2023,Lucas Johansen,25.0,2.0,00:25:19,WSH
2023,Jonas Johansson,27.0,3.0,02:22:57,COL
2023,Martin Jones,33.0,48.0,43:45:39,SEA
2023,Noah Juulsen,25.0,12.0,02:59:35,VAN
2023,Kaapo Kähkönen,26.0,37.0,35:06:15,SJS
2023,Erik Källgren,26.0,10.0,09:21:40,TOR
2023,Fredrik Karlström,25.0,5.0,00:47:47,DAL
2023,Ondřej Kaše,27.0,1.0,00:11:02,CAR
2023,Marco Kasper,18.0,1.0,00:14:59,DET
2023,Matthew Kessel,22.0,2.0,00:30:19,STL
2023,Anton Khudobin,36.0,1.0,01:00:00,CHI
2023,Keith Kinkaid,33.0,2.0,01:27:51,2TM
2023,Keith Kinkaid,33.0,1.0,00:59:54,BOS
2023,Keith Kinkaid,33.0,1.0,00:27:57,COL
2023,Justin Kirkland,26.0,7.0,00:50:30,ANA
2023,Samuel Kňažko,20.0,2.0,00:31:17,CBJ
2023,Pyotr Kochetkov,23.0,24.0,23:23:56,CAR
2023,Vladislav Kolyachonok,21.0,2.0,00:27:31,ARI
2023,Joonas Korpisalo,28.0,39.0,36:11:57,2TM
2023,Joonas Korpisalo,28.0,28.0,25:50:57,CBJ
2023,Joonas Korpisalo,28.0,11.0,10:21:00,LAK
2023,Filip Král,23.0,2.0,00:19:55,TOR
2023,Darcy Kuemper,32.0,57.0,53:43:47,WSH
2023,Jackson LaCombe,22.0,2.0,00:36:57,ANA
2023,Maxime Lajoie,25.0,3.0,00:23:34,CAR
2023,Kevin Lankinen,27.0,19.0,17:49:10,NSH
2023,Jacob Larsson,25.0,7.0,01:23:47,OTT
2023,Jake Leschyshyn,23.0,35.0,05:19:30,2TM
2023,Jake Leschyshyn,23.0,22.0,03:31:01,VEG
2023,Jake Leschyshyn,23.0,13.0,01:48:29,NYR
2023,Vinni Lettieri,27.0,1.0,00:09:50,BOS
2023,Devon Levi,21.0,7.0,07:09:01,BUF
2023,Anton Levtchi,27.0,2.0,00:19:09,FLA
2023,Alex Lyon,30.0,15.0,14:53:11,FLA
2023,Eetu Mäkiniemi,23.0,2.0,01:24:20,SJS
2023,Brad Malone,33.0,10.0,01:16:52,EDM
2023,Mikhail Maltsev,24.0,5.0,00:32:59,COL
2023,Kevin Mandolese,22.0,3.0,03:02:12,OTT
2023,Spencer Martin,27.0,29.0,26:50:11,VAN
2023,Dysin Mayo,26.0,15.0,02:55:28,ARI
2023,Hugh McGing,24.0,1.0,00:09:37,STL
2023,Roland McKeown,27.0,6.0,01:17:52,NSH
2023,Marc McLaughlin,23.0,2.0,00:20:07,BOS
2023,Connor McMichael,22.0,6.0,00:53:09,WSH
2023,Leevi Merilainen,20.0,2.0,01:25:05,OTT
2023,Dakota Mermis,29.0,2.0,00:28:55,MIN
2023,Sam Montembeault,26.0,40.0,38:53:51,MTL
2023,Jacob Moverare,24.0,2.0,00:29:56,LAK
2023,Matt Murray,28.0,26.0,24:33:10,TOR
2023,Matt Murray,24.0,3.0,02:57:02,DAL
2023,Alex Nedeljkovic,27.0,15.0,13:52:38,DET
2023,Markus Niemeläinen,24.0,23.0,03:50:57,EDM
2023,Oskar Olausson,20.0,1.0,00:07:02,COL
2023,Gustav Olofsson,28.0,3.0,00:38:48,SEA
2023,Jiří Patera,23.0,2.0,02:00:00,VEG
2023,Calvin Petersen,28.0,10.0,09:03:28,LAK
2023,Matthew Phillips,24.0,2.0,00:18:04,CGY
2023,Cayden Primeau,23.0,3.0,02:18:35,MTL
2023,Ivan Prosvetov,23.0,7.0,07:02:02,ARI
2023,Jonathan Quick,37.0,41.0,37:14:45,2TM
2023,Jonathan Quick,37.0,31.0,28:18:23,LAK
2023,Jonathan Quick,37.0,10.0,08:56:22,VEG
2023,Antti Raanta,33.0,27.0,26:01:13,CAR
2023,Sampo Ranta,22.0,6.0,00:44:03,COL
2023,Adam Raška,21.0,3.0,00:35:45,SJS
2023,Alec Regula,22.0,4.0,01:06:23,CHI
2023,James Reimer,34.0,43.0,42:18:00,SJS
2023,Sheldon Rempal,27.0,1.0,00:07:44,VEG
2023,Dan Renouf,28.0,1.0,00:11:34,BOS
2023,David Rittich,30.0,21.0,18:41:41,WPG
2023,Tristen Robins,21.0,3.0,00:41:08,SJS
2023,Dmitri Samorukov,23.0,2.0,00:29:45,STL
2023,Felix Sandström,26.0,20.0,18:32:51,PHI
2023,Akira Schmid,22.0,18.0,15:01:21,NJD
2023,Riley Sheahan,31.0,2.0,00:16:37,BUF
2023,Arturs Silovs,21.0,5.0,05:05:56,VAN
2023,Nathan Smith,24.0,4.0,00:29:46,ARI
2023,Arvid Söderblom,23.0,15.0,13:55:14,CHI
2023,Nikita Soshnikov,29.0,3.0,00:29:49,NYI
2023,Alex Stalock,35.0,27.0,24:35:20,CHI
2023,Jaxson Stauber,23.0,6.0,06:03:30,CHI
2023,Alex Steeves,23.0,3.0,00:23:32,TOR
2023,Anthony Stolarz,29.0,19.0,13:40:03,ANA
2023,Anton Strålman,36.0,8.0,02:02:58,BOS
2023,Austin Strand,25.0,5.0,01:02:01,ANA
2023,Marián Studenič,24.0,3.0,00:26:04,DAL
2023,C.J. Suess,28.0,1.0,00:05:50,SJS
2023,Nick Swaney,25.0,1.0,00:09:33,MIN
2023,Jeremy Swayman,24.0,37.0,33:32:59,BOS
2023,Cam Talbot,35.0,36.0,32:27:00,OTT
2023,Logan Thompson,25.0,37.0,36:11:22,VEG
2023,Tyce Thompson,23.0,2.0,00:17:18,NJD
2023,Lassi Thomson,22.0,2.0,00:21:47,OTT
2023,Dustin Tokarski,33.0,4.0,03:29:24,PIT
2023,Riley Tufte,24.0,3.0,00:23:52,DAL
2023,Alex Turcotte,21.0,4.0,00:27:54,LAK
2023,Semyon Varlamov,34.0,23.0,22:14:44,NYI
2023,Karel Vejmelka,26.0,50.0,49:00:50,ARI
2023,Jeffrey Viel,26.0,4.0,00:36:41,SJS
2023,Daniel Vladař,25.0,27.0,24:43:55,CGY
2023,Chris Wagner,31.0,1.0,00:12:36,BOS
2023,Scott Wedgewood,30.0,21.0,18:46:46,DAL
2023,Dylan Wells,25.0,1.0,00:20:00,CHI
2023,Maxwell Willman,27.0,9.0,01:20:40,PHI
2023,Dustin Wolf,21.0,1.0,00:59:54,CGY
2023,Joseph Woll,24.0,7.0,06:56:26,TOR
